,City,Country,Latitude,Longitude,Max Temperature (F),Humidity (%),Cloud Cover (%),Wind Speed (mph),Date
0,Klaksvík,FO,62.2266,-6.589,44.6,100,90,12.66,1616351622
1,Kapaa,US,22.0752,-159.319,71.6,68,20,20.71,1616351624
2,Hermanus,ZA,-34.4187,19.2345,63.0,77,3,4.0,1616351583
3,Ribeira Grande,PT,38.5167,-28.7,60.8,82,75,13.8,1616351626
4,Inta,RU,66.0317,60.1659,10.78,93,82,7.05,1616351629
5,Port Alfred,ZA,-33.5906,26.891,65.43,70,92,10.71,1616351630
6,Hilo,US,19.7297,-155.09,71.6,73,90,6.91,1616351351
7,Vaini,TO,-21.2,-175.2,73.4,100,75,10.36,1616351633
8,Fairbanks,US,64.8378,-147.7164,1.4,55,1,4.61,1616351634
9,Naze,JP,28.3667,129.4833,55.27,70,83,21.59,1616351635
10,Lishu,CN,43.3047,124.3278,27.3,64,0,7.07,1616351636
11,Saint Paul Harbor,US,57.79,-152.4072,32.0,86,90,6.8,1616351638
12,Povenets,RU,62.8487,34.8262,24.85,97,67,4.45,1616351639
13,Arraial do Cabo,BR,-22.9661,-42.0278,87.8,65,20,20.71,1616351640
14,General Roca,AR,-39.0333,-67.5833,80.6,22,0,13.8,1616351643
15,Cape Town,ZA,-33.9258,18.4232,68.0,60,0,20.71,1616351644
16,Borazjan,IR,29.2666,51.2159,68.0,77,0,1.79,1616351646
17,Ushuaia,AR,-54.8,-68.3,55.4,58,40,21.85,1616351647
18,Thompson,CA,55.7435,-97.8558,51.8,30,20,11.5,1616351648
19,Busselton,AU,-33.65,115.3333,66.99,92,68,1.99,1616351650
20,Mahébourg,MU,-20.4081,57.7,78.8,89,75,10.36,1616351651
21,Hobart,AU,-42.8794,147.3294,60.8,77,75,6.91,1616351653
22,New Norfolk,AU,-42.7826,147.0587,59.0,72,17,2.15,1616351655
23,Bambous Virieux,MU,-20.3428,57.7575,80.01,89,75,10.36,1616351656
24,Antalaha,MG,-14.9003,50.2788,77.56,84,92,7.49,1616351657
25,Udachny,RU,66.4167,112.4,-33.86,99,0,5.39,1616351469
26,Micco,US,27.8806,-80.5003,73.99,52,0,3.0,1616351660
27,Rome,US,43.2128,-75.4557,61.0,18,1,2.77,1616351623
28,Aswān,EG,24.0934,32.907,86.74,13,1,9.89,1616351662
29,Luba,GQ,3.4568,8.5547,82.4,83,20,6.91,1616351664
30,Inírida,CO,3.8653,-67.9239,92.26,48,77,1.88,1616351665
31,Bredasdorp,ZA,-34.5322,20.0403,62.6,72,0,8.05,1616351666
32,Cherskiy,RU,68.75,161.3,-16.06,70,0,5.79,1616351668
33,Castro,BR,-24.7911,-50.0119,75.92,81,100,4.43,1616351670
34,Bluff,NZ,-46.6,168.3333,53.01,94,100,3.0,1616351671
35,Meadow Lake,US,34.8014,-106.5436,68.0,25,40,12.37,1616351673
36,Hithadhoo,MV,-0.6,73.0833,83.1,74,100,8.93,1616351674
37,Mataura,NZ,-46.1927,168.8643,53.01,94,100,3.0,1616351675
38,Pevek,RU,69.7008,170.3133,-27.85,94,0,5.1,1616351678
39,Bethel,US,41.3712,-73.414,62.6,16,1,5.75,1616351679
40,New Glasgow,CA,45.5834,-62.6486,55.4,33,0,8.05,1616351411
41,Tautira,PF,-17.7333,-149.15,84.2,65,20,2.3,1616351682
42,Pagudpud,PH,18.5616,120.7868,80.6,74,75,2.3,1616351683
43,Tura,IN,25.5198,90.2201,73.44,28,0,2.28,1616351684
44,Hamilton,US,39.1834,-84.5333,66.0,17,1,8.05,1616351685
45,Nuevo Progreso,MX,23.1667,-97.95,79.0,45,25,5.01,1616351687
46,Pulaski,US,34.7668,-92.3001,66.99,32,20,11.5,1616351688
47,Rangāpāra,IN,26.8167,92.65,70.7,35,0,5.55,1616351689
48,Tocopilla,CL,-22.092,-70.1979,74.21,63,20,8.86,1616351691
49,Avarua,CK,-21.2078,-159.775,78.8,89,75,1.14,1616351692
50,Port Lincoln,AU,-34.7333,135.8667,67.93,76,7,8.48,1616351693
51,Bengkulu,ID,-3.8004,102.2655,75.47,91,100,6.73,1616351695
52,Mahabalipuram,IN,12.6264,80.1722,82.4,69,40,3.44,1616351696
53,Kaitangata,NZ,-46.2817,169.8464,55.0,87,100,1.99,1616351697
54,Kalabo,ZM,-14.97,22.6814,73.0,68,40,1.5,1616351699
55,Cidreira,BR,-30.1811,-50.2056,76.77,86,100,6.4,1616351700
56,Celestún,MX,20.8667,-90.4,74.8,61,0,10.36,1616351701
57,Rikitea,PF,-23.1203,-134.9692,80.04,72,0,8.41,1616351706
58,Paragould,US,36.0584,-90.4973,66.99,29,1,6.91,1616351469
59,Nānākuli,US,21.3906,-158.1547,69.8,83,75,6.91,1616351708
60,Yulara,AU,-25.2406,130.9889,64.4,100,90,8.05,1616351710
61,San Cristobal,VE,7.7669,-72.225,84.2,61,20,11.5,1616351711
62,Upernavik,GL,72.7868,-56.1549,-8.81,90,100,3.8,1616351713
63,Faanui,PF,-16.4833,-151.75,83.44,69,2,9.55,1616351715
64,Jining,CN,35.405,116.5814,38.46,31,0,5.7,1616351705
65,Morshyn,UA,49.1565,23.8723,30.2,69,0,4.47,1616351717
66,Doha,QA,25.2867,51.5333,77.0,13,0,2.3,1616351718
67,Saint-Augustin,CA,51.226,-58.6502,32.92,98,100,14.43,1616351720
68,East London,ZA,-33.0153,27.9116,64.4,68,0,12.66,1616351721
69,San Rafael,AR,-34.6177,-68.3301,74.48,26,0,14.79,1616351722
70,Fukuechō,JP,32.6881,128.8419,47.39,74,0,27.81,1616351461
71,Kibala,TD,9.1104,18.3463,89.6,48,0,3.02,1616351725
72,Laramie,US,41.3114,-105.5911,37.99,51,20,16.11,1616351584
73,Nikolskoye,RU,59.7035,30.7861,34.0,86,90,20.13,1616351727
74,Tateyama,JP,34.9833,139.8667,61.0,74,98,26.11,1616351729
75,Punta Arenas,CL,-53.15,-70.9167,59.0,51,75,19.57,1616351581
76,Fare,PF,-16.7,-151.0167,83.03,71,20,10.47,1616351731
77,Emerald,AU,-23.5333,148.1667,75.2,100,75,8.05,1616351732
78,Ostrovnoy,RU,68.0531,39.5131,21.27,91,100,3.94,1616351734
79,Nikolayevsk-on-Amur,RU,53.1406,140.73,20.05,96,100,3.18,1616351736
80,Tornio,FI,65.8481,24.1466,26.6,46,0,10.36,1616351737
81,Provideniya,RU,64.3833,-173.3,5.85,84,100,1.88,1616351739
82,Buritis,BR,-15.6178,-46.4233,80.46,68,39,7.27,1616351593
83,Mount Gambier,AU,-37.8333,140.7667,64.4,94,90,5.75,1616351741
84,Port Blair,IN,11.6667,92.75,79.39,70,0,3.89,1616351742
85,Fortuna,US,40.5982,-124.1573,52.0,76,90,12.66,1616351744
86,Port Hedland,AU,-20.3167,118.5667,75.2,69,34,3.44,1616351745
87,Jamestown,US,42.097,-79.2353,57.2,17,1,6.89,1616351746
88,Quang Ngai,VN,15.1167,108.8,72.63,91,4,6.42,1616351749
89,Sergiyevsk,RU,53.9413,51.165,17.65,96,82,4.7,1616351750
90,Bakel,SN,14.905,-12.4568,97.23,13,4,9.15,1616351752
91,Atuona,PF,-9.8,-139.0333,80.44,77,0,14.79,1616351569
92,Nabire,ID,-3.3667,135.4833,77.22,86,97,1.79,1616351754
93,Carnarvon,AU,-24.8667,113.6333,75.2,83,0,6.91,1616351755
94,Amga,RU,60.8953,131.9608,-3.55,94,100,9.15,1616351757
95,Yārāda,IN,17.65,83.2667,80.6,83,75,2.3,1616351758
96,Hobyo,SO,5.3505,48.5268,79.47,79,78,14.67,1616351759
97,Buala,SB,-8.145,159.5921,79.3,83,87,4.74,1616351761
98,Albany,US,42.6001,-73.9662,62.01,15,0,2.75,1616351579
99,Kyra,RU,49.5776,111.9753,24.55,74,100,3.94,1616351764
100,Colares,PT,38.7992,-9.4469,59.0,41,0,11.5,1616351765
101,Haines Junction,CA,60.7522,-137.5108,10.4,61,100,10.36,1616351767
102,Narsaq,GL,60.9167,-46.05,26.6,68,75,11.5,1616351768
103,Maragogi,BR,-9.0122,-35.2225,81.93,69,39,7.87,1616351769
104,Sørland,NO,67.667,12.6934,33.8,75,75,2.3,1616351771
105,Kampene,CD,-3.6,26.6667,69.91,98,100,2.35,1616351772
106,Porterville,US,36.0652,-119.0168,55.99,66,1,4.61,1616351702
107,Tyazhinskiy,RU,56.116,88.524,31.46,90,84,16.4,1616351775
108,Saint George,US,37.1041,-113.5841,57.0,43,1,4.23,1616351776
109,Karpathos,GR,35.507,27.2132,60.8,88,82,20.71,1616351777
110,Khatanga,RU,71.9667,102.5,-24.43,78,0,7.09,1616351779
111,Flin Flon,CA,54.7682,-101.865,30.2,55,75,18.41,1616351780
112,Mnogovershinnyy,RU,53.9353,139.9242,16.86,96,90,2.91,1616351781
113,Ambalavao,MG,-21.8333,46.9333,65.8,97,28,3.62,1616351783
114,Longyearbyen,SJ,78.2186,15.6401,15.8,73,75,14.97,1616351784
115,Kavaratti,IN,10.5669,72.642,82.67,72,0,8.68,1616351785
116,Saint-Philippe,RE,-21.3585,55.7679,78.8,83,90,10.36,1616351787
117,Yellowknife,CA,62.456,-114.3525,-2.0,59,40,12.66,1616351764
118,Torbay,CA,47.6666,-52.7314,37.0,55,20,18.41,1616351726
119,Brae,GB,60.3964,-1.353,44.6,93,75,19.57,1616351790
120,Birao,CF,10.2849,22.7882,86.02,14,100,2.73,1616351792
121,Nemuro,JP,43.3236,145.575,36.61,98,100,19.98,1616351793
122,Rafaela,AR,-31.2503,-61.4867,82.0,34,0,4.0,1616351794
123,Cap-aux-Meules,CA,47.3821,-61.8597,41.0,56,27,14.97,1616351795
124,Liwale,TZ,-9.7667,37.9333,70.09,97,37,2.73,1616351797
125,Boké,GN,10.9409,-14.2967,81.54,47,0,10.13,1616351798
126,Christchurch,NZ,-43.5333,172.6333,57.2,82,90,2.3,1616351578
127,Stratoni,GR,40.5141,23.8247,46.0,84,100,18.99,1616351801
128,Kieta,PG,-6.2167,155.6333,78.87,84,97,2.24,1616351802
129,Ushtobe,KZ,45.2514,77.9838,35.08,85,100,4.0,1616351803
130,George Town,MY,5.4112,100.3354,84.2,78,20,6.82,1616351654
131,Vestmanna,FO,62.1564,-7.1664,44.6,100,90,12.66,1616351806
132,Banda Aceh,ID,5.5577,95.3222,80.1,74,100,3.33,1616351807
133,Phan Thiet,VN,10.9333,108.1,75.04,89,75,9.84,1616351808
134,Krasnokamensk,RU,50.0979,118.0369,23.79,77,100,5.32,1616351810
135,Tuktoyaktuk,CA,69.4541,-133.0374,-18.4,76,40,8.05,1616351811
136,Viedma,AR,-40.8135,-62.9967,74.64,19,0,6.38,1616351812
137,Merauke,ID,-8.4667,140.3333,79.68,82,80,7.27,1616351814
138,Savalou,BJ,7.9281,1.9756,89.91,40,71,2.19,1616351815
139,Lompoc,US,34.6391,-120.4579,59.0,41,20,10.36,1616351580
140,Puerto Ayora,EC,-0.7393,-90.3518,86.0,62,20,10.36,1616351819
141,Yerbogachën,RU,61.2767,108.0108,-17.16,93,100,5.5,1616351820
142,Chokurdakh,RU,70.6333,147.9167,-11.81,80,71,5.37,1616351821
143,Mackay,AU,-21.15,149.2,78.8,83,90,4.61,1616351823
144,Glendive,US,47.1053,-104.7125,48.99,37,1,21.85,1616351824
145,Miles City,US,46.4083,-105.8406,48.2,34,1,18.41,1616351825
146,Qaqortoq,GL,60.7167,-46.0333,26.6,68,75,11.5,1616351827
147,Anadyr,RU,64.75,177.4833,-11.0,77,100,8.95,1616351828
148,Laguna,US,38.421,-121.4238,60.01,47,1,16.11,1616351829
149,Tabou,CI,4.423,-7.3528,79.74,86,86,10.22,1616351831
150,Norman Wells,CA,65.282,-126.8329,-14.8,76,20,4.61,1616351832
151,Shitanjing,CN,39.2342,106.3439,28.6,23,0,1.79,1616351834
152,Los Llanos de Aridane,ES,28.6585,-17.9182,64.4,63,75,9.22,1616351793
153,Cap Malheureux,MU,-19.9842,57.6142,80.01,81,0,3.0,1616351838
154,Thunder Bay,CA,48.4001,-89.3168,55.4,38,75,18.41,1616351675
155,Bilma,NE,18.6853,12.9164,89.26,11,0,9.69,1616351840
156,Chabahar,IR,25.2919,60.643,76.35,62,0,17.0,1616351842
157,Souillac,MU,-20.5167,57.5167,78.8,89,75,10.36,1616351843
158,Ratnagiri,IN,16.9833,73.3,74.82,81,0,5.41,1616351844
159,Lata,PT,40.1629,-8.3327,57.2,62,0,10.36,1616351846
160,Samarai,PG,-10.6167,150.6667,82.63,77,99,7.81,1616351847
161,Ancud,CL,-41.8697,-73.8203,66.2,48,0,8.05,1616351848
162,Port Keats,AU,-14.25,129.55,79.66,83,100,5.17,1616351850
163,Orocué,CO,4.7912,-71.3354,94.44,34,58,10.89,1616351851
164,Laas,IT,46.6166,10.7002,53.6,69,40,10.36,1616351853
165,Srednekolymsk,RU,67.45,153.6833,-11.29,74,49,5.08,1616351855
166,Saskylakh,RU,71.9167,114.0833,-28.23,99,96,2.84,1616351856
167,Juneau,US,58.3019,-134.4197,32.0,93,90,4.45,1616351573
168,Pochutla,MX,15.7432,-96.4661,89.6,51,20,9.22,1616351860
169,Saint-Michel-des-Saints,CA,46.6834,-73.9159,54.0,46,0,9.66,1616351861
170,Butaritari,KI,3.0707,172.7902,82.4,77,100,17.98,1616351862
171,Nantucket,US,41.2835,-70.0995,46.99,81,1,6.91,1616351864
172,Chui,UY,-33.6971,-53.4616,71.78,74,71,14.03,1616351865
173,Tiksi,RU,71.6872,128.8694,-15.79,98,100,11.39,1616351866
174,Wahiawā,US,21.5028,-158.0236,73.0,94,90,6.91,1616351586
175,Bodden Town,KY,19.2833,-81.25,84.2,65,20,13.8,1616351870
176,Mayo,US,38.8876,-76.5119,61.0,38,1,4.61,1616351871
177,Belaya Gora,RU,68.5333,146.4167,-15.0,89,30,3.29,1616351873
178,Oktyabr'skiy,RU,54.4815,53.471,15.73,93,51,5.61,1616351874
179,Gizo Government Station,SB,-8.103,156.8419,82.0,75,100,11.41,1616351876
180,Ilulissat,GL,69.2167,-51.1,12.2,85,75,21.85,1616351878
181,Hammerfest,NO,70.6634,23.6821,26.6,86,90,14.97,1616351879
182,Córdoba,AR,-31.4135,-64.1811,79.0,33,0,8.05,1616351824
183,Esil,KZ,51.9556,66.4042,22.57,95,99,9.15,1616351881
184,Qaanaaq,GL,77.484,-69.3632,-7.04,96,100,2.64,1616351883
185,Dhidhdhoo,MV,6.8833,73.1,83.41,69,94,3.36,1616351682
186,Lagos,NG,6.5833,3.75,86.0,70,20,8.05,1616351664
187,Helong,CN,42.5397,128.9972,25.9,76,4,10.27,1616351886
188,Joensuu,FI,62.6012,29.7632,30.99,93,90,14.97,1616351889
189,Hasaki,JP,35.7333,140.8333,55.4,88,75,6.91,1616351890
190,Yaan,NG,7.3833,8.5667,90.52,40,100,11.68,1616351891
191,Putatan,MY,5.9258,116.0609,77.0,94,20,4.61,1616351893
192,Dekar,BW,-21.5333,21.9333,75.81,45,32,5.19,1616351894
193,Aksarka,RU,66.5606,67.7975,-10.71,94,100,2.59,1616351895
194,Saint Anthony,US,45.0205,-93.218,60.01,47,1,21.85,1616351897
195,Shellbrook,CA,53.2168,-106.4011,30.2,59,75,12.66,1616351898
196,Bathsheba,BB,13.2167,-59.5167,84.2,54,20,20.71,1616351899
197,Jiangkou,CN,25.4872,119.1986,53.6,76,20,11.18,1616351901
198,Yajalón,MX,17.2333,-92.3333,77.0,65,75,4.38,1616351902
199,Kurchum,KZ,48.5722,83.6542,25.74,89,100,0.54,1616351903
200,Kahului,US,20.8947,-156.47,69.8,88,75,17.27,1616351905
201,Coquimbo,CL,-29.9533,-71.3436,68.0,64,20,17.27,1616351844
202,Honiara,SB,-9.4333,159.95,75.87,79,100,3.33,1616351907
203,Bucak,TR,37.4592,30.595,62.01,58,0,9.22,1616351909
204,Winnemucca,US,40.973,-117.7357,41.0,45,1,4.61,1616351910
205,Arrondissement de Mende,FR,44.6667,3.5,29.44,93,100,14.47,1616351911
206,Vardø,NO,70.3705,31.1107,24.8,100,90,16.11,1616351912
207,Gravdal,NO,68.1214,13.5031,28.4,93,75,6.91,1616351915
208,Miyako,JP,39.6367,141.9525,45.34,77,99,8.28,1616351916
209,Tasiilaq,GL,65.6145,-37.6368,33.8,75,75,9.22,1616351918
210,Curup,ID,-3.4667,102.5333,68.14,97,98,1.28,1616351919
211,Hambantota,LK,6.1241,81.1185,73.4,100,40,2.3,1616351920
212,Leshukonskoye,RU,64.8989,45.7622,20.71,95,100,6.55,1616351922
213,San Patricio,US,28.017,-97.5169,73.0,43,20,10.83,1616351923
214,Saint-Pierre,RE,-21.3393,55.4781,78.8,83,90,10.36,1616351924
215,Severo-Kuril'sk,RU,50.6789,156.125,27.57,83,100,21.54,1616351926
216,Cassilândia,BR,-19.1133,-51.7342,84.49,62,14,6.67,1616351927
217,Lorengau,PG,-2.0226,147.2712,82.65,73,8,4.99,1616351928
218,Cayenne,GF,4.9333,-52.3333,82.4,74,90,13.8,1616351848
219,Dikson,RU,73.5069,80.5464,-11.81,64,100,4.97,1616351931
220,Turtas,RU,58.9417,69.1325,10.18,97,71,3.13,1616351932
221,Adeje,ES,28.1227,-16.726,66.99,52,75,21.85,1616351933
222,Rørvik,NO,64.8621,11.2373,35.6,93,75,10.36,1616351936
223,Palmer,US,42.1584,-72.3287,63.0,17,40,4.61,1616351937
224,Guerrero Negro,MX,27.9769,-114.0611,65.71,48,99,18.03,1616351939
225,Jalu,LY,29.0331,21.5482,74.34,20,13,15.28,1616351942
226,Tazovsky,RU,67.4667,78.7,1.71,95,100,14.09,1616351943
227,Sugod,PH,12.987,124.0805,79.84,86,65,9.91,1616351945
228,Jaqué,PA,7.5175,-78.1703,82.67,77,35,6.51,1616351946
229,Abu Samrah,SY,35.3029,37.1841,60.55,44,0,4.0,1616351947
230,Derbent,RU,42.0678,48.2899,42.58,88,100,4.81,1616351950
231,Wakefield,GB,53.6809,-1.499,50.0,56,88,1.99,1616351951
232,Selikhino,RU,50.3672,137.4996,22.32,95,100,5.88,1616351953
233,Victor Harbor,AU,-35.5667,138.6167,66.99,82,0,4.88,1616351954
234,São Filipe,CV,14.8961,-24.4956,71.91,68,100,8.79,1616351955
235,Beloha,MG,-25.1667,45.05,75.88,81,0,4.63,1616351957
236,Gazalkent,UZ,41.5581,69.7708,51.8,76,100,6.91,1616351958
237,Katsuura,JP,35.1333,140.3,61.0,74,97,21.16,1616351960
238,Tevaitoa,PF,-16.7833,-151.5,83.53,68,12,9.91,1616351962
239,San Miguel,SV,13.4833,-88.1833,100.4,27,20,2.3,1616351963
240,Barrow,US,71.2906,-156.7887,-14.8,76,40,10.36,1616351964
241,Tazmalt,DZ,36.3868,4.3989,44.4,82,56,6.85,1616351966
242,Geraldton,AU,-28.7667,114.6,69.8,88,40,5.75,1616351967
243,Lüderitz,NA,-26.6481,15.1594,69.08,62,0,17.18,1616351968
244,Megion,RU,61.0296,76.1136,10.4,85,40,6.71,1616351970
245,Kruisfontein,ZA,-34.0033,24.7314,62.01,75,57,1.01,1616351971
246,Copiapó,CL,-27.3667,-70.3333,69.8,56,0,16.11,1616351844
247,Pascagoula,US,30.3658,-88.5561,69.8,30,1,10.36,1616351975
248,Kununurra,AU,-15.7667,128.7333,77.0,88,75,4.61,1616351976
249,Bowen,AU,-20.0167,148.2333,73.4,94,40,3.44,1616351977
250,Stege,DK,54.987,12.2846,43.0,63,100,7.9,1616351979
251,Talgar,KZ,43.3027,77.2395,35.6,93,75,4.47,1616351980
252,Solnechnyy,RU,50.7214,136.6319,20.34,94,100,6.24,1616351981
253,Les Cayes,HT,18.2,-73.75,81.34,65,25,8.99,1616351983
254,Rivers,CA,50.0308,-100.2403,51.8,46,75,11.5,1616351984
255,Abu Kamal,SY,34.4506,40.9171,68.5,29,0,7.07,1616351985
256,Oriximiná,BR,-1.7656,-55.8661,82.15,81,77,2.66,1616351762
257,Ponta do Sol,PT,32.6667,-17.1,60.8,48,40,9.22,1616351988
258,Sechura,PE,-5.5569,-80.8222,85.71,50,69,11.48,1616351989
259,Sept-Îles,CA,50.2001,-66.3821,41.0,52,75,5.75,1616351990
260,‘Ewa Beach,US,21.3156,-158.0072,71.6,83,75,6.91,1616351729
261,Port Elizabeth,ZA,-33.918,25.5701,62.6,82,40,9.22,1616351876
262,Ballina,AU,-28.8667,153.5667,69.8,94,75,13.8,1616351994
263,Cabo San Lucas,MX,22.8909,-109.9124,86.0,29,1,5.75,1616351837
264,Berlevåg,NO,70.8578,29.0864,28.4,86,75,17.27,1616351996
265,Portland,US,45.5234,-122.6762,48.99,66,90,9.22,1616351447
266,Nava,MX,28.4167,-100.7667,71.6,53,1,9.22,1616351999
267,Atar,MR,20.5169,-13.0499,86.0,16,96,6.91,1616352000
268,Burnie,AU,-41.0667,145.9167,61.0,82,100,10.0,1616352002
269,Gobabis,NA,-22.45,18.9667,70.2,65,62,7.34,1616352003
270,Vaxjo,SE,56.8777,14.8091,37.4,41,100,5.75,1616352004
271,Batemans Bay,AU,-35.7167,150.1833,66.99,92,100,1.01,1616352006
272,Yuzhno-Kurilsk,RU,44.0306,145.8556,37.44,99,100,13.51,1616352007
273,Honningsvåg,NO,70.9821,25.9704,30.2,74,75,27.63,1616352008
274,Necochea,AR,-38.5473,-58.7368,64.99,57,0,4.0,1616352010
275,Ishigaki,JP,24.3448,124.1572,63.12,75,99,31.34,1616352011
276,Turukhansk,RU,65.8167,87.9833,-2.36,88,100,19.15,1616352012
277,Palu,ID,-0.8917,119.8707,75.69,92,88,2.93,1616352014
278,Tuatapere,NZ,-46.1333,167.6833,53.01,94,100,3.0,1616352015
279,Yangi Marg`ilon,UZ,40.4272,71.7189,46.4,87,0,2.3,1616352016
280,Starodub,RU,52.5844,32.7633,27.73,72,95,9.84,1616352018
281,Mahon,ES,39.8885,4.2658,48.2,57,20,6.91,1616352019
282,Departamento de Maldonado,UY,-34.6667,-54.9167,71.6,73,75,13.8,1616352020
283,Virginia Beach,US,36.8529,-75.978,57.0,62,75,17.27,1616351932
284,North Platte,US,41.1239,-100.7654,52.0,46,40,17.27,1616352023
285,Torquay,GB,50.4638,-3.5143,51.01,80,100,2.95,1616352024
286,Kavieng,PG,-2.5744,150.7967,82.74,74,97,6.2,1616352025
287,Salalah,OM,17.0151,54.0924,78.8,89,0,3.44,1616352027
288,Pachmarhi,IN,22.4667,78.4333,70.32,28,0,3.8,1616352028
289,Sambo Creek,HN,15.8167,-86.6833,71.6,94,90,9.22,1616352029
290,Kathu,TH,7.9178,98.3332,80.6,83,20,2.3,1616352031
291,Porto Belo,BR,-27.1578,-48.5531,87.01,79,40,13.8,1616352032
292,Gīdam,IN,18.9833,81.4,75.33,34,23,1.88,1616352035
293,Shahrud,IR,36.4182,54.9763,44.94,73,0,2.95,1616352036
294,Hong Kong,HK,22.2855,114.1577,62.01,68,90,1.99,1616352037
295,Westport,US,41.1415,-73.3579,62.01,32,1,6.91,1616352038
296,San Vicente,AR,-26.6167,-54.1333,75.4,95,100,1.12,1616352040
297,Santa Cruz de La Palma,ES,28.6835,-17.7642,64.4,63,75,9.22,1616352041
298,Jérémie,HT,18.65,-74.1167,79.92,72,19,4.43,1616352042
299,Lebedinyy,RU,58.5167,125.5167,-12.24,99,99,6.89,1616352044
300,Havelock,US,34.8791,-76.9013,60.8,63,75,20.71,1616352045
301,Asău,RO,46.4333,26.4,34.0,54,33,4.54,1616352048
302,Media Luna,CU,20.1419,-77.435,83.64,59,10,6.87,1616352050
303,Vila Franca do Campo,PT,37.7167,-25.4333,59.0,77,75,6.91,1616352051
304,Mēga,ET,4.05,38.3,62.94,73,18,10.98,1616352053
305,Mar del Plata,AR,-38.0023,-57.5575,64.4,68,75,14.97,1616352006
306,Clyde River,CA,70.4692,-68.5914,-11.2,77,1,13.8,1616352055
307,Vila Velha,BR,-20.3297,-40.2925,84.0,74,40,12.66,1616352056
308,Polunochnoye,RU,60.8697,60.4153,12.22,89,9,5.19,1616352058
309,Coahuayana Viejo,MX,18.7333,-103.6833,82.4,34,1,7.96,1616352059
310,Klyuchi,RU,52.2667,79.1667,30.85,84,94,11.03,1616352060
311,Mazamari,PE,-11.3258,-74.5308,70.84,99,100,0.92,1616352062
312,Saint-François,FR,46.4154,3.9054,42.01,87,75,9.22,1616352063
313,Avera,US,33.194,-82.5271,61.0,67,90,12.66,1616352064
314,Yar-Sale,RU,66.8333,70.8333,-3.77,98,100,5.39,1616352066
315,Airai,TL,-8.9266,125.4092,60.87,88,78,1.25,1616352067
316,Maketu,NZ,-37.7667,176.45,53.01,81,1,1.99,1616352068
317,Leningradskiy,RU,69.3833,178.4167,-11.58,97,100,8.99,1616352070
318,Cam Ranh,VN,11.9214,109.1591,80.6,74,20,17.27,1616352071
319,Zhezkazgan,KZ,47.8043,67.7144,29.32,97,100,9.6,1616352072
320,Palana,RU,59.1167,159.9667,-1.32,73,18,7.2,1616352074
321,Oussouye,SN,12.485,-16.5469,84.2,78,0,9.22,1616352075
322,Fort Walton Beach,US,30.4058,-86.6188,71.6,48,1,5.75,1616351967
323,Agadez,NE,19.75,10.25,86.86,12,53,7.11,1616352078
324,Sudak,UA,44.85,34.9667,39.52,69,47,3.58,1616352079
325,El Tigre,VE,8.8875,-64.2454,90.09,36,13,10.49,1616352080
326,Pandan,PH,14.0453,124.1694,79.03,87,40,9.26,1616352082
327,Dimitrovgrad,RU,54.2139,49.6184,21.2,73,97,2.24,1616352083
328,Tena,EC,-0.9833,-77.8167,78.8,89,90,2.3,1616352084
329,Verāval,IN,20.9,70.3667,75.94,79,0,5.59,1616352085
330,Dubai,AE,25.2582,55.3047,75.2,53,0,10.36,1616351964
331,Yumen,CN,40.2833,97.2,32.22,24,0,6.44,1616352088
332,Staryy Nadym,RU,65.6118,72.6842,-2.81,97,91,7.43,1616352089
333,Ixtapa,MX,20.7,-105.2,75.2,60,1,11.5,1616352091
334,Verkhoyansk,RU,67.5447,133.385,-1.03,94,100,3.02,1616352092
335,Noumea,NC,-22.2763,166.4572,69.8,94,20,11.23,1616351875
336,Mount Isa,AU,-20.7333,139.5,78.8,78,100,6.91,1616352096
337,Taoudenni,ML,22.6783,-3.9836,77.25,13,0,11.95,1616352097
338,Comonfort,MX,20.7167,-100.7667,80.01,25,0,4.0,1616352098
339,Paracatu,BR,-17.2222,-46.8747,79.3,61,15,5.66,1616352099
340,Soldotna,US,60.4878,-151.0583,3.2,85,1,3.44,1616352101
341,Aloleng,PH,16.1307,119.7824,80.92,76,42,8.93,1616352103
342,Kirakira,SB,-10.4544,161.9205,78.13,86,100,5.19,1616352105
343,Dingle,PH,10.9995,122.6711,77.9,86,96,7.7,1616352106
344,Barcelos,PT,41.5388,-8.6151,55.99,66,0,10.36,1616352107
345,Pisco,PE,-13.7,-76.2167,80.01,53,0,13.8,1616351944
346,Inhambane,MZ,-23.865,35.3833,82.4,74,40,6.98,1616352110
347,Esperance,AU,-33.8667,121.9,64.4,72,0,14.97,1616352111
348,Marrakesh,MA,31.6315,-8.0083,62.6,39,20,9.22,1616351846
349,Banjar,ID,-8.19,114.9675,82.4,78,40,12.66,1616352114
350,Talnakh,RU,69.4865,88.3972,-14.76,56,66,6.04,1616352115
351,Amapá,BR,1.0,-52.0,88.0,54,8,3.27,1616352116
352,Husavik,IS,66.0449,-17.3389,46.4,53,40,27.63,1616352118
353,Qasigiannguit,GL,68.8193,-51.1922,12.2,85,75,21.85,1616352120
354,Lebu,CL,-37.6167,-73.65,63.55,63,0,8.81,1616352026
355,Sioux Lookout,CA,50.1001,-91.917,53.6,43,90,12.66,1616352122
356,Sosnovo-Ozerskoye,RU,52.5249,111.5418,18.01,87,94,8.34,1616352124
357,Sri Aman,MY,1.2376,111.4621,75.2,94,98,1.32,1616352125
358,Ulaanbaatar,MN,47.9077,106.8832,15.8,62,0,4.47,1616351846
359,Katobu,ID,-4.9408,122.5276,76.03,91,51,0.74,1616352128
360,Vestmannaeyjar,IS,63.4427,-20.2734,44.6,81,75,18.41,1616352129
361,Port Macquarie,AU,-31.4333,152.9167,66.0,99,100,14.58,1616352130
362,Rio Grande,BR,-32.035,-52.0986,73.99,94,75,6.91,1616352132
363,Ambilobe,MG,-13.2,49.05,75.67,92,95,2.21,1616352133
364,Rawson,AR,-43.3002,-65.1023,77.13,26,0,15.84,1616352134
365,Collie,AU,-33.3667,116.15,59.65,91,16,4.59,1616352136
366,Key Largo,US,25.0865,-80.4473,77.0,59,1,5.99,1616352135
367,Ambanja,MG,-13.6833,48.45,76.48,90,100,2.84,1616352140
368,Harper,LR,4.375,-7.7169,80.29,84,10,9.89,1616352141
369,Saldanha,ZA,-33.0117,17.9442,68.0,60,0,9.22,1616352142
370,Wahpeton,US,46.2652,-96.6059,51.8,58,75,17.27,1616352144
371,Camacha,PT,33.0833,-16.3333,60.8,55,75,9.22,1616352145
372,Fort Nelson,CA,58.8053,-122.7002,14.0,52,75,4.61,1616351979
373,Malakal,SS,9.5334,31.6605,89.69,35,80,6.73,1616352147
374,Berbera,SO,10.4396,45.0143,77.72,68,0,3.33,1616352150
375,Bilibino,RU,68.0546,166.4372,-22.88,62,0,1.92,1616352151
376,Barra do Corda,BR,-5.5,-45.25,83.88,81,78,3.18,1616352152
377,Broken Hill,AU,-31.95,141.4333,68.0,83,90,6.91,1616352154
378,Santomera,ES,38.0615,-1.0488,59.0,33,0,5.75,1616352155
379,Wukari,NG,7.85,9.7833,91.53,35,100,9.89,1616352156
380,Rumford,US,44.5537,-70.5509,59.0,22,0,4.0,1616351998
381,Ronneby,SE,56.21,15.276,41.0,42,0,6.91,1616352159
382,Prieska,ZA,-29.6641,22.7474,77.41,26,3,7.81,1616352160
383,Svirstroy,RU,60.7999,33.7248,30.97,97,100,9.48,1616352162
384,Korla,CN,41.7597,86.1469,43.84,45,100,2.64,1616352163
385,Sabang,ID,5.8933,95.3214,83.1,69,100,2.91,1616352164
386,Deputatsky,RU,69.3,139.9,-20.74,97,10,1.97,1616352166
387,Nome,US,64.5011,-165.4064,12.2,67,90,0.74,1616352167
388,Swellendam,ZA,-34.0226,20.4417,62.6,72,0,8.05,1616352168
389,Ust-Nera,RU,64.5667,143.2,-6.25,99,100,4.43,1616352170
390,Bac Lieu,VN,9.285,105.7244,80.02,79,29,14.92,1616352171
391,Mercedes,AR,-34.6515,-59.4307,77.0,64,0,1.01,1616352172
392,Ilebo,CD,-4.3167,20.5833,75.09,85,100,2.28,1616352174
393,Coro,VE,11.4045,-69.6734,85.35,59,20,20.33,1616352175
394,Opuwo,NA,-18.0607,13.84,71.82,65,88,8.37,1616352176
395,Sandwick,GB,60.0,-1.25,44.6,93,75,19.57,1616352178
396,Requena,ES,39.4883,-1.1004,60.8,31,0,5.75,1616352179
397,Aligoodarz,IR,33.4006,49.6949,44.94,56,0,5.53,1616352181
398,Dergachi,RU,51.2328,48.7659,18.84,90,0,6.04,1616352182
399,Shemonaīkha,KZ,50.6328,81.9056,25.72,91,85,6.35,1616352183
400,Patiya,BD,22.2931,91.9762,72.0,54,1,3.42,1616352185
401,Caraballeda,VE,10.6112,-66.8522,86.0,66,20,5.75,1616352186
402,Codrington,AU,-38.2667,141.9667,64.78,84,95,11.9,1616352187
403,Touros,BR,-5.1989,-35.4608,86.0,58,40,12.66,1616352188
404,Tomatlán,MX,19.9333,-105.25,90.3,23,0,9.57,1616352190
405,Mezen',RU,65.8522,44.24,18.66,96,98,4.74,1616352191
406,West Wendover,US,40.7391,-114.0733,41.0,36,1,13.8,1616352171
407,Kumul,CN,42.8,93.45,40.39,23,0,1.79,1616352194
408,Praia,CV,14.9215,-23.5087,77.0,50,0,19.57,1616352195
409,Bay Roberts,CA,47.5999,-53.2648,37.99,55,0,5.01,1616352196
410,Oksbøl,DK,55.6268,8.2876,39.99,81,20,16.11,1616352198
411,Acapulco de Juárez,MX,16.8634,-99.8901,86.0,66,20,5.75,1616352031
412,La Rioja,ES,42.25,-2.5,48.2,61,40,10.36,1616352200
413,Buenos Aires,AR,-34.6132,-58.3772,75.99,60,75,4.61,1616352184
414,Izhma,RU,65.0083,53.9113,15.33,91,100,7.61,1616352204
415,Port Moresby,PG,-9.4431,147.1797,75.2,94,20,3.44,1616351970
416,Okhotsk,RU,59.3833,143.3,12.74,95,100,10.58,1616352206
417,Carutapera,BR,-1.195,-46.02,83.5,71,79,6.6,1616352207
418,Keminmaa,FI,65.8596,24.8228,26.6,46,0,10.36,1616352209
419,Umluj,SA,25.0213,37.2685,83.91,31,0,6.64,1616352210
420,Porto-Novo,BJ,6.4965,2.6036,84.2,79,20,11.5,1616352211
421,Nong Bua,TH,15.8646,100.5858,84.99,58,38,14.9,1616352213
422,San Jose,US,37.3394,-121.895,60.01,54,20,10.36,1616352041
423,Gashua,NG,12.871,11.0482,91.49,16,43,6.49,1616352215
424,Shache,CN,38.4167,77.2406,43.36,55,88,5.3,1616352216
425,Zaraza,VE,9.3503,-65.3245,93.79,31,83,6.6,1616352218
426,Ilhabela,BR,-23.7781,-45.3581,83.44,68,0,5.7,1616352219
427,Edd,ER,13.9297,41.6925,87.19,28,0,16.28,1616352220
428,Catuday,PH,16.2923,119.8062,79.56,77,25,9.84,1616352222
429,Tayga,RU,56.06,85.6197,34.0,75,75,15.66,1616352223
430,Kokopo,PG,-4.352,152.2633,77.38,84,100,5.93,1616352224
431,Pemangkat,ID,1.1667,108.9667,77.31,89,100,4.97,1616352226
432,Yinchuan,CN,38.4681,106.2731,35.04,18,0,5.46,1616352227
433,Aklavik,CA,68.2191,-135.0107,-16.6,76,40,2.3,1616352228
434,Itoman,JP,26.1247,127.6694,60.8,63,75,27.63,1616352230
435,San Angelo,US,31.4638,-100.437,73.99,37,1,17.27,1616352231
436,Litovko,RU,49.2361,135.1742,22.68,93,100,3.36,1616352232
437,Kuytun,RU,54.3419,101.5036,29.32,82,100,5.26,1616352234
438,Half Moon Bay,US,37.4636,-122.4286,59.0,76,1,14.97,1616352235
439,Atoka,US,34.4001,-96.0169,64.4,52,1,11.5,1616352238
440,Oranjestad,AW,12.524,-70.027,86.0,62,40,20.71,1616352162
441,Olhão,PT,37.0286,-7.8411,59.0,51,0,11.5,1616352240
442,Leh,IN,34.1667,77.5833,28.92,60,100,5.37,1616352241
443,Teahupoo,PF,-17.8333,-149.2667,84.2,65,20,2.3,1616352243
444,Tot'ma,RU,59.9747,42.7642,25.12,94,100,9.64,1616352244
445,São João da Barra,BR,-21.6403,-41.0511,86.0,62,20,11.5,1616352245
446,Blagoyevo,RU,63.3667,47.9167,22.77,94,100,9.24,1616352247
447,Pangnirtung,CA,66.1451,-65.7125,-14.8,76,75,2.3,1616352248
448,Denia,ES,38.8408,0.1057,55.0,63,0,9.8,1616352249
449,Manggar,ID,-2.8833,108.2667,79.54,85,100,5.88,1616352251
450,Baykit,RU,61.67,96.37,-4.22,98,100,4.25,1616352254
451,Bambanglipuro,ID,-7.95,110.2833,77.61,85,89,3.83,1616352257
452,Birin,NP,26.8865,88.0718,59.67,32,0,5.88,1616352258
453,Stornoway,GB,58.2093,-6.3865,46.99,87,90,9.22,1616352259
454,Rosetta,EG,31.4044,30.4164,73.4,68,40,9.22,1616352261
455,The Pas,CA,53.8251,-101.2541,32.0,74,90,20.71,1616352262
456,Esmeralda,CU,21.8525,-78.1169,86.0,51,75,11.5,1616352263
457,Padang,ID,-0.9492,100.3543,73.4,100,90,2.3,1616352265
458,Lincoln,US,40.8,-96.667,64.0,42,1,27.63,1616352170
459,Zhangye,CN,38.9342,100.4517,38.5,19,0,7.65,1616352267
460,Province of Trapani,IT,37.8333,12.6667,54.0,94,40,10.36,1616352268
461,Hofn,IS,64.2539,-15.2082,44.02,84,100,14.88,1616352270
462,Lady Frere,ZA,-31.7031,27.2329,52.75,93,7,3.38,1616352271
463,Beringovskiy,RU,63.05,179.3167,-2.83,89,89,7.02,1616352273
464,Guarapari,BR,-20.6667,-40.4975,84.0,74,40,12.66,1616352275
465,Aasiaat,GL,68.7098,-52.8699,4.82,92,100,16.31,1616352276
466,Rosário Oeste,BR,-14.8361,-56.4275,85.12,71,100,4.52,1616352277
467,Misratah,LY,32.3754,15.0925,60.94,69,0,13.87,1616352279
468,Nchelenge,ZM,-9.3451,28.734,73.42,79,96,1.97,1616352280
469,Mandalgovi,MN,45.7625,106.2708,26.92,32,0,14.45,1616352281
470,Ahipara,NZ,-35.1667,173.1667,56.48,84,0,4.81,1616352283
471,Olinda,BR,-8.0089,-34.8553,82.4,61,40,9.22,1616352183
472,Singaparna,ID,-7.3515,108.111,72.48,96,99,0.78,1616352285
473,Constitución,CL,-35.3333,-72.4167,65.75,64,3,7.85,1616352286
474,Kīhei,US,20.785,-156.4656,69.8,88,75,17.27,1616352289
475,Girona,ES,41.9831,2.8249,51.01,61,0,4.61,1616352290
476,Puerto Peñasco,MX,31.3167,-113.5333,71.01,42,90,5.01,1616352292
477,Ginir,ET,7.1333,40.7,61.54,55,99,3.33,1616352293
478,Jacareacanga,BR,-6.2222,-57.7528,85.96,70,91,0.76,1616352294
479,Nazarovo,RU,56.0064,90.3914,30.11,96,100,9.04,1616352296
480,Nerchinskiy Zavod,RU,51.3088,119.61,14.65,88,100,4.16,1616352297
481,Prince Rupert,CA,54.3161,-130.3201,42.8,81,90,6.91,1616352298
482,Mitsamiouli,KM,-11.3847,43.2844,83.14,72,31,4.79,1616352301
483,Kitami,JP,43.8031,143.8908,35.01,86,100,3.0,1616352302
484,Quelimane,MZ,-17.8786,36.8883,80.6,83,20,2.3,1616352310
485,Manta,EC,-0.95,-80.7333,82.4,74,75,8.05,1616352118
486,Siilinjärvi,FI,63.0833,27.6667,28.4,80,90,20.71,1616352313
487,Puerto Carreño,CO,6.189,-67.4859,99.68,24,63,6.46,1616352314
488,Kupang,ID,-10.1667,123.5833,79.66,84,100,10.31,1616352187
489,Auki,SB,-8.7676,160.7034,75.47,83,100,3.89,1616352317
490,Labytnangi,RU,66.6572,66.4183,-7.83,84,100,2.57,1616352319
491,Aktobe,KZ,50.2797,57.2072,23.0,86,90,8.95,1616352320
492,Vyazemskiy,RU,47.5378,134.7525,26.78,96,100,7.38,1616352321
493,Fareydūnshahr,IR,32.941,50.121,35.44,65,0,3.51,1616352323
494,Baiyin,CN,36.5583,104.2081,37.99,43,0,6.71,1616352324
495,Aitape,PG,-3.1374,142.3475,77.92,89,100,4.5,1616352325
496,Mountain Home,US,43.133,-115.6912,44.6,45,20,12.66,1616352248
497,Assiut,EG,27.181,31.1837,89.6,35,0,6.44,1616352315
498,Kudahuvadhoo,MV,2.6708,72.8944,82.94,66,100,5.39,1616352329
499,Howard Springs,AU,-12.497,131.047,81.0,89,40,5.75,1616352330
500,Harindānga,IN,22.0383,88.3214,82.4,65,40,4.61,1616352332
501,Manakara,MG,-22.1333,48.0167,75.74,90,100,4.52,1616352333
502,Bulawayo,ZW,-20.15,28.5833,68.83,54,0,9.91,1616352334
503,Wainwright,CA,52.839,-110.8572,33.8,40,0,6.91,1616352336
504,Kiryat Gat,IL,31.61,34.7642,73.99,47,100,7.0,1616352337
505,Price,US,39.5994,-110.8107,39.2,35,1,18.41,1616352338
506,Rocha,UY,-34.4833,-54.3333,69.91,73,70,13.13,1616352340
507,Chake Chake,TZ,-5.2459,39.7666,80.31,76,7,7.05,1616352341
508,Sinnamary,GF,5.3833,-52.95,80.29,83,100,10.92,1616352342
509,Sitka,US,57.0531,-135.33,37.4,93,90,10.36,1616352344
510,Bandar-e Lengeh,IR,26.5579,54.8807,75.2,60,0,16.11,1616352345
511,Isla Mujeres,MX,21.2311,-86.731,80.6,54,40,9.22,1616352347
512,Chicama,PE,-7.8447,-79.1469,73.4,83,6,9.22,1616352349
513,Zwedru,LR,6.0667,-8.1281,78.44,80,84,5.91,1616352350
514,Ploemeur,FR,47.7333,-3.4333,48.99,71,90,9.22,1616352351
515,Ormara,PK,25.2088,64.6357,75.6,87,0,4.0,1616352353
516,Finschhafen,PG,-6.6024,147.8681,80.06,79,100,4.36,1616352354
517,Tiznit Province,MA,29.5833,-9.5,60.06,47,0,2.91,1616352358
518,Kushima,JP,31.4583,131.2333,46.85,69,100,12.39,1616352359
519,Broome,US,42.2506,-75.833,61.0,33,0,1.01,1616352360
520,Naliya,IN,23.2667,68.8333,74.41,86,0,10.16,1616352362
521,Tanah Merah,MY,5.8,102.15,80.6,83,20,4.61,1616352363
522,Plettenberg Bay,ZA,-34.0527,23.3716,60.64,79,11,4.63,1616352364
523,Isangel,VU,-19.55,169.2667,75.2,94,40,10.96,1616352365
524,Krasnovishersk,RU,60.4078,57.082,9.88,96,40,4.32,1616352367
525,Moose Factory,CA,51.2585,-80.6094,55.4,35,1,20.71,1616352368
526,Felanitx,ES,39.4696,3.1483,50.0,66,0,6.91,1616352369
527,Kenai,US,60.5544,-151.2583,3.2,71,1,4.61,1616352371
528,Svatove,UA,49.4103,38.1503,33.13,68,82,7.65,1616352373
529,Estelle,US,29.8458,-90.1067,68.0,52,75,11.5,1616352374
530,Luorong,CN,24.4058,109.6086,54.09,66,96,10.13,1616352376
531,Chernyshevskiy,RU,63.0128,112.4714,-32.8,93,0,3.33,1616352377
532,Natchitoches,US,31.7668,-93.1335,64.4,52,40,6.91,1616352380
533,Kirensk,RU,57.7853,108.1119,12.69,96,100,3.09,1616352267
534,Chu,KZ,43.5983,73.7614,45.12,79,86,8.41,1616352382
535,Ottumwa,US,41.02,-92.4113,63.0,42,1,24.16,1616352383
536,Coyhaique,CL,-45.5752,-72.0662,68.0,45,0,3.44,1616352385
537,Coihueco,CL,-36.6167,-71.8333,77.0,29,0,5.75,1616352380
538,Mumbwa,ZM,-14.9783,27.0619,65.77,96,36,3.89,1616352387
539,La Ronge,CA,55.1001,-105.2842,21.2,53,100,16.11,1616352388
540,Najrān,SA,17.4924,44.1277,77.0,22,0,9.22,1616352390
541,Namatanai,PG,-3.6667,152.4333,79.84,78,97,3.78,1616352391
542,Evensk,RU,61.95,159.2333,-3.39,97,100,5.53,1616352394
543,Rutesheim,DE,48.8081,8.9454,41.0,70,40,13.8,1616352395
544,Shiraz,IR,29.6036,52.5388,55.4,33,0,4.61,1616352396
545,Alibunar,RS,45.0808,20.9658,39.2,81,90,1.14,1616352398
546,At-Bashi,KG,41.1702,75.8106,26.17,69,100,1.5,1616352399
547,Sassandra,CI,4.95,-6.0833,80.35,81,0,11.32,1616352400
548,Nanortalik,GL,60.1432,-45.2371,24.94,78,100,31.07,1616352402
549,St. George's,GD,12.0564,-61.7485,84.2,65,20,20.71,1616352404
550,Şile,TR,41.1754,29.6133,46.99,93,75,16.11,1616352405
551,Ol'ga,RU,43.7444,135.2892,29.79,90,100,4.07,1616352407
552,Erzin,TR,36.9559,36.2,63.0,72,0,3.38,1616352408
553,Horta,PT,38.5333,-28.6333,60.8,82,40,13.8,1616352409
554,La Asuncion,VE,11.0333,-63.8628,79.56,71,23,19.13,1616352411
555,Xichang,CN,27.8964,102.2634,42.73,73,47,5.28,1616352412
556,Comodoro Rivadavia,AR,-45.8667,-67.5,80.6,28,0,11.5,1616352212
557,Juliaca,PE,-15.5,-70.1333,60.8,41,75,3.44,1616352414
558,Shingū,JP,33.7333,135.9833,48.97,69,2,10.45,1616352418
559,Atyrau,KZ,47.1167,51.8833,33.8,100,90,6.71,1616352419
560,Burdeos,PH,14.8436,121.9697,77.2,89,0,7.72,1616352421
561,Mortka,RU,59.3322,66.0214,10.51,94,0,4.18,1616352422
562,Dawson,US,31.7735,-84.4466,66.2,48,75,11.5,1616352423
563,Neiafu,TO,-18.65,-173.9833,77.0,88,75,6.91,1616352425
564,Russell,US,32.3502,-85.1999,66.2,48,20,12.66,1616352426
